{"cameraMode":{"drawMode":0,"name":"Shaded","section":"Shading Mode"},"sceneLighting":false,"audioPlay":false,"sceneViewState":{"m_AlwaysRefresh":false,"showFog":true,"showSkybox":false,"showFlares":true,"showImageEffects":true,"showParticleSystems":true,"showVisualEffectGraphs":true,"m_FxEnabled":true},"in2DMode":false,"pivot":{"x":0.2849998474121094,"y":-0.16399961709976197,"z":0.7999978065490723},"rotation":{"x":0.5155249834060669,"y":-0.1422927975654602,"z":0.08728789538145066,"w":0.8404772281646729},"size":0.9051454067230225,"orthographic":true}