{"cameraMode":{"drawMode":0,"name":"Shaded","section":"Shading Mode"},"sceneLighting":false,"audioPlay":false,"sceneViewState":{"m_AlwaysRefresh":false,"showFog":true,"showSkybox":false,"showFlares":true,"showImageEffects":true,"showParticleSystems":true,"showVisualEffectGraphs":true,"m_FxEnabled":true},"in2DMode":false,"pivot":{"x":1.7821253538131714,"y":2.5646283626556398,"z":1.5314080715179444},"rotation":{"x":0.26712462306022646,"y":0.5945742130279541,"z":-0.2187221199274063,"w":0.726149320602417},"size":1.2180382013320923,"orthographic":true}